slug,video_url
yongary-monster-from-the-deep,https://archive.org/download/Yongary-MonsterFromTheDeep/Yongara.mp4
voodoo-man-video-audio-upgrade,https://archive.org/download/VoodooManVideoAudioUpgrade/VoodooManVideoAudioUpgrade.mp4
shocker-internet-drive-in-week-38-sexy-summer-sin-double-feature,https://archive.org/download/ShockerInternetDriveIn-Week38sexySummerSinDoubleFeature/Week_38.mp4
shocker-internet-drive-in-week-18-a-naschy-double-feature,https://archive.org/download/ShockerInternetDriveIn-Week18aNaschyDoubleFeature/week_18.mp4
shocker-internet-drive-in-week-22-woof-woof-a-fathers-day-special,https://archive.org/download/ShockerInternetDriveIn-Week22woofWoofAFathersDaySpecial/Week_22.mp4
shocker-internet-drive-in-week-40-teen-terrors-double-feature,https://archive.org/download/ShockerInternetDriveIn-Week40teenTerrorsDoubleFeature/Week_40.mp4
the-bashful-bachelor,https://archive.org/download/StidljivPrvostupnika/The_Bashful_Bachelor_1942.mp4
old-bones-of-the-river,https://archive.org/download/OldBonesOfTheRiver/1938_Old_Bones_of_the_River.mp4
smashing-time,https://archive.org/download/SmashingTime6754/SMASHINGTIME1967.mp4
extravagance,https://archive.org/download/Extravagance1930bwPre-codeFilm/1930Extravagance.mp4
all-night,https://cdn.papertigercinema.com/media/movies/383.mp4
miss-lulu-bett,https://archive.org/download/MissLuluBett1921/1921_Miss_Lulu_Bett.mp4
vampire-over-london-1952,https://archive.org/download/VampireOverLondon1952/VampireOverLondon1952.mp4
thunder-in-the-city-image-quality-upgrade,https://archive.org/download/ThunderInTheCityImageQualityUpgrade/ThunderInTheCityImageQualityUpgrade.mp4
dreaming-out-loud,https://archive.org/download/DreamingOutLoud1940_662/Dreaming_Out_Loud_1940.mp4
fatty-joins-the-force,https://archive.org/download/FattyJoinsTheForce720p1913/FattyJoinsTheForce720p.mp4
glorifying-the-american-girl,https://cdn.papertigercinema.com/media/movies/412.mp4
swing-it-professor,https://archive.org/download/SwingIt937/Swing_it_Professor_1937.mp4
western-mail,https://archive.org/download/WesternMailPrint/Western_Mail_-_Full_Movie_Public_Domain_Print.mp4
her-secret,https://archive.org/download/HerSecret/Her_Secret_1933.mp4
the-inspector-general,https://archive.org/download/TheInspectorGeneral720p1949/TheInspectorGeneral720p.mp4
the-navy-lark,https://archive.org/download/TheNavyLark_970/The_Navy_Lark_1959.mp4
border-cannes-2018-sujet-vf,https://archive.org/download/BORDERCannes2018SujetVF/BORDER - Cannes 2018 - Sujet - VF.mp4
bulldog-edition,https://archive.org/download/Bulldog_Edition_1936/Bulldog_Edition_1936.mp4
bull-fighter-and-the-lady,https://archive.org/download/Bullfighterandthelady/TheBullfighterandtheladytr1951.mp4
brothers-of-the-west,https://archive.org/download/BrothersoftheWest/BrothersoftheWest.mp4
bout-de-zan-steals-an-elephant,https://archive.org/download/BoutDeZanStealsAnElephant/BoutDeZanElephant.mp4
border-phantom,https://archive.org/download/BorderPhantom/BorderPhantom.mp4
ghaderi2-fajr31,https://archive.org/download/Ghaderi2-fajr31/Ghaderi2-fajr31.mp4
mehdi-khalaji-parazit-19-nov-2010,https://cdn.papertigercinema.com/media/movies/28.mp4
my_mother_home_the_lagoon,https://archive.org/download/My_mother_home_the_lagoon/My_mother_home_the_lagoon.mp4
blake-derakhte-zahr,https://archive.org/download/BlakeDerakhteZahr/Blake-Film.mp4
poletik-episode-12,https://archive.org/download/PoletikEpisode12/PoletikEpisode12.mp4
padashe-sokoot-2007,https://archive.org/download/PadasheSokoot2007/PaadaasheSokoot.mp4
ourmissbrooks,https://archive.org/download/OurMissBrooks_398/OurMissBrooks1956tr.mp4
the-minister-32838,https://archive.org/download/TheMinister32838/TheMinister_32838_a_5.mp4
zalim-dunya-turkish-movie,https://archive.org/download/zalim-dunya_movie/Zalim Dünya - Türk Filmi.mp4
beneath-the-12-mile-reef-1953,https://cdn.papertigercinema.com/media/movies/65.mp4
the-sun-shines-bright,https://archive.org/download/SunShinesBright5346/The_Sun_Shines_Bright_1953_John_Ford.mp4
mud-and-sand,https://archive.org/download/MudAndSand720p1922/MudAndSand720p.mp4
boothill-brigade,https://archive.org/download/BoothillBrigade3750/Boothill_Brigade_1937.mp4
the-house-of-secrets,https://archive.org/download/36HouseOfSecrets/The_House_of_Secrets_1936.mp4
false-pretenses,https://archive.org/download/FalsePretenses/False-Pretenses-1935_1.mp4
lion-of-the-desert-umar-al-mukhtar-2,https://archive.org/download/LionOfTheDesertumarAlMukhtar2/LionOfTheDesert2.mp4
the-general-line,https://cdn.papertigercinema.com/media/movies/45.mp4
the-cosmic-man,https://archive.org/download/CosmoMan59/Cosmic_Man_1959.mp4
eegah,https://archive.org/download/Eegah/Eegah.mp4
guest-in-the-house-1944,https://cdn.papertigercinema.com/media/movies/48.mp4
nancy-drew-reporter,https://archive.org/download/NancyDrewReporter720p1939/NancyDrewReporter720p.mp4
going-straight-1916-classic-silent-film-noir-tinted-drama,"https://archive.org/download/going-straight-1916-classic-silent-film-noir-drama/Going Straight (1916 Classic, Silent, Film noir, Drama).mp4"
1935-haende-am-werk-ein-lied-von-deutscher-arbeit-47m-50s-352x272,https://cdn.papertigercinema.com/media/movies/54.mp4
1936-heer-im-werden-1h-09m-640x480,https://cdn.papertigercinema.com/media/movies/55.mp4
1940-der-marsch-zum-fuehrer-45m-13s-512x384,https://cdn.papertigercinema.com/media/movies/56.mp4
1941-heimkehr-1h-28m-640x480,https://cdn.papertigercinema.com/media/movies/57.mp4
1933-sa-mann-brand-ein-lebensbild-aus-unseren-tagen-1h-34m-640x480,https://cdn.papertigercinema.com/media/movies/58.mp4
1941-spaehtrupp-hallgarten-1h-08m-384x288,https://cdn.papertigercinema.com/media/movies/59.mp4
1937-patrioten-1h-17m-640x480,https://cdn.papertigercinema.com/media/movies/60.mp4
monsterpiecetheaterpresents02,https://cdn.papertigercinema.com/media/movies/61.mp4
billy-the-kid-in-santa-fe,https://cdn.papertigercinema.com/media/movies/62.mp4
bell-bottom-george,https://archive.org/download/BellbottomGeorge/1944BellbottomGeorge.mp4
beyond-tomorrow,https://archive.org/download/BeyondTomorrow720p1940/BeyondTomorrow720p.mp4
i-lived-with-you,https://archive.org/download/ILivedWithYou/I_Lived_With_You_1933.mp4
the-great-dan-patch,https://archive.org/download/TheGreatDanPatch720p1949/TheGreatDanPatch720p.mp4
anna-lucasta,https://archive.org/download/AnaLucaster/AnnaLucasta1949.mp4
count-schlockulas-shock-show-volume-11,https://cdn.papertigercinema.com/media/movies/69.mp4
my-man-godfrey-1936,https://cdn.papertigercinema.com/media/movies/71.mp4
life-at-stake,https://archive.org/download/Life_At_Stake_367/Life_at_Stake_1954.mp4
kismet-1943,https://cdn.papertigercinema.com/media/movies/74.mp4
maniac,https://archive.org/download/Maniac/Maniac.mp4
inner-sanctum-1948-smallest-download,https://cdn.papertigercinema.com/media/movies/76.mp4
hong-kong-nights,https://archive.org/download/HongKongNights/Hong-Kong-Nights-1935_1.mp4
law-of-the-lash,https://archive.org/download/LawOfTheLash/Law_of_the_Lash.mp4
the-shock,https://archive.org/download/Shock_656/THESHOCK1923.mp4
star-odyssey-italian-star-wars-1979,https://archive.org/download/StarOdysseyitalianStarWars1979/STAR_ODYSSEY_1979-desktop.mp4
the-black-raven-1943-smallest-download,https://cdn.papertigercinema.com/media/movies/81.mp4
bloodlust,https://archive.org/download/Bloodlust1961/bloodlust.MP4
pecks-bad-boy,https://archive.org/download/PecksBadBoy_558/Pecks_Bad_Boy-JCooper.mp4
attack-of-the-mushroom-people-1963,https://archive.org/download/PhantasmagoriaTheater-AttackOfTheMushroomPeople1963147/PhantasmagoriaTheater-AttackOfTheMushroomPeople1963147.mp4
night-tide-1961,https://archive.org/download/NightTide1961/NightTide1961.mp4
reciprocal-course,https://cdn.papertigercinema.com/media/movies/88.mp4
rich-and-strange,https://archive.org/download/RichAndStrange_923/RichAndStrange.mp4
pride-of-the-bowery,https://archive.org/download/PrideOfTheBowery1940/prideofthebowery.mp4
prastankan-1920,https://archive.org/download/Prstnkan1920/Prstnkan1920Spanish.mp4
monster-maker-the,https://archive.org/download/monster_maker_ipod/the_monster_maker.mp4
jigsaw,https://archive.org/download/Jigsaw720p1949/Jigsaw720p.mp4
shocker-internet-drive-in-week-59-springtime-for-starman-part-2,https://archive.org/download/ShockerInternetDriveIn-Week59springtimeForStarman-Part2/Week59.mp4
souls-of-sin,https://archive.org/download/SoulsOfSin/SoulsOfSin.mp4
special-agent-k-7,https://cdn.papertigercinema.com/media/movies/96.mp4
our-gang-follies-of-1938,https://archive.org/download/OurGangFollies720p1938/OurGangFollies720p.mp4
my-outlaw-brother,https://archive.org/download/OutlawBrother/MyOutlawBrother.mp4
outpost-in-morocco,https://archive.org/download/OutpostInMorocco/OutpostInMorocco.mp4
count-schlockulas-shock-show-volume-12,https://cdn.papertigercinema.com/media/movies/100.mp4
nazi-concentration-camps,https://archive.org/download/nazi_concentration_camps/nazi_concentration_camps.mp4
boss-of-rawhide,https://archive.org/download/BossOfRawhide/BossOfRawhide.mp4
the-last-time-i-saw-paris,https://archive.org/download/TheLastTimeISawParis720p1954/LastTimeISawParis720p.mp4
hollywood-man,https://archive.org/download/HollywoodMan_957/Hollywood_Man_1976.mp4
buster-keaton-starring-in-college,https://archive.org/download/BusterKeatonStarringIncollege/College.mp4
voyage-to-the-prehistoric-planet,https://archive.org/download/VoyagetothePrehistoricPlanet/VoyagetothePrehistoricPlanet.mp4
1940-der-ewige-jude-1h-10m-352x256,https://cdn.papertigercinema.com/media/movies/104.mp4
1941-mein-leben-fuer-irland-1h-30m-640x480,https://cdn.papertigercinema.com/media/movies/105.mp4
hearts-of-humanity,https://archive.org/download/1932HeartsOfHumanity/1932HeartsOfHumanity.ia.mp4
1937-unternehmen-michael-1h-16m-640x480,https://cdn.papertigercinema.com/media/movies/107.mp4
cash-or-if-i-were-rich,https://archive.org/download/CashOrIfIWereRich/Cash-If-I-Were-Rich-1933_1.mp4
inside-the-law,https://cdn.papertigercinema.com/media/movies/110.mp4
johnny-o-clock-1947,https://archive.org/download/JohnnyOClock1947_780/JohnnyOclock1947.mp4
jungle-siren-1942,https://cdn.papertigercinema.com/media/movies/112.mp4
that-hagen-girl,https://archive.org/download/TheHagenGirl34/That_Hagen_Girl.mp4
war-of-the-robots,https://archive.org/download/WarOfTheRobots/WarOfTheRobots1978.mp4
west-of-the-badlands-1940,https://cdn.papertigercinema.com/media/movies/116.mp4
silent-night-bloody-night,https://archive.org/download/SilentNightBloodyNight/SilentNightBloodyNight.mp4
sh-berah-sa-so-2001,https://archive.org/download/Sh-Berah-Sa-So-2001/Shabe_Berahne_Saeed_Soheili.mp4
she-gods-of-shark-reef,https://archive.org/download/she_gods_of_shark_reef/she_gods_of_shark_reef.mp4
shed-no-tears,https://cdn.papertigercinema.com/media/movies/120.mp4
shocker-internet-drive-in-week-3-frankenstein-double-feature,https://archive.org/download/ShockerInternetDriveInWeek3-FrankensteinDoubleFeature/shockerWeek3.mp4
shocker-internet-drive-in-week-4-night-of-the-living-dead-double-feature,https://archive.org/download/ShockerInternetDriveInWeek4-NightOfTheLivingDeadDoubleFeature/ShockerWeek4GOOD.mp4
berlinale-closing-2013-film,https://archive.org/download/BerlinaleClosing2013Film/BerlinaleClosing2013Film.mp4
hatamikia-gozareshe-yek-jashnraz,https://cdn.papertigercinema.com/media/movies/136.mp4
texas-to-bataan,https://archive.org/download/texas_to_bataan_ipod/texas_to_bataan.mp4
fog-island,https://archive.org/download/FogIsland720p1945/FogIsland720p.mp4
speed-to-spare,https://archive.org/download/SpeedToStare/Speed_to_Spare_1948.mp4
shocker-internet-drive-in-week-9-horror-head-double-feature,https://archive.org/download/ShockerInternetDriveInWeek9-horrorHeadDoubleFeature/week9.mp4
love-in-high-gear,https://archive.org/download/LoveInHighGear1932/Love_in_High_Gear_1932.mp4
she-had-to-choose,https://archive.org/download/HadToChoose1934/She_Had_to_Choose_1934.mp4
caesar-the-conqueror,https://cdn.papertigercinema.com/media/movies/128.mp4
mliss,https://archive.org/download/Mliss720p1918/MLiss1918.mp4
before-morning-1933,https://cdn.papertigercinema.com/media/movies/131.mp4
between-men,https://archive.org/download/BetweenMen720p1935/BetweenMen720p.mp4
home-of-the-brave,https://archive.org/download/HomeOfTheBrave1949/Home_of_the_Brave___1949.mp4
gorilla-ship,https://cdn.papertigercinema.com/media/movies/139.mp4
exposure,https://archive.org/download/Exposure_221/Exposure_1932.mp4
crashing-through-danger,https://archive.org/download/crashing_through_danger/crashing_through_danger.mp4
wildcat_trooper,https://archive.org/download/Wildcat_Trooper/Wildcat_Trooper.mp4
mr-motos-last-warning,https://archive.org/download/Mr.MotosLastWarning720p1939/MrMotosLastWarning720p.mp4
dulcimer-street,https://archive.org/download/LondonBelongsToMe5946/London_Belongs_To_Me.mp4
lonely-wives,https://cdn.papertigercinema.com/media/movies/146.mp4
i-cover-the-waterfront-1933,https://cdn.papertigercinema.com/media/movies/147.mp4
one-year-later,https://cdn.papertigercinema.com/media/movies/148.mp4
paroled-to-die,https://archive.org/download/ParoledToDie/ParoledToDie.mp4
they-made-me-a-criminal,https://archive.org/download/TheyMadeMeACriminal720p1939/TheyMadeMeACriminal720p.mp4
the-green-glove,https://archive.org/download/Gauntlet5320/The_Gauntlet_1952.mp4
aksionet-e-rothschilds-na-waterloo,https://archive.org/download/AksionetERothschildsNWaterloo/TheRothschildsSharesInWaterloo.mp4
hold-that-woman,https://archive.org/download/Hold_that_Woman_1940/Hold_that_Woman_1940.mp4
house-of-danger,https://archive.org/download/HouseOfDanger/House-of-Danger-1934_1.mp4
hon-dansade-en-sommar-one-summer-of-happiness,https://cdn.papertigercinema.com/media/movies/156.mp4
corregidor,https://archive.org/download/Corregidor1943/Corregidor_1943.mp4
combat-america,https://archive.org/download/CombatAmerica/CombatAmerica.mp4
circumstantial-evidence,https://archive.org/download/CircumstantialEvidence_942/CircumstantialEvidence1935.mp4
the-lawless-frontier,https://cdn.papertigercinema.com/media/movies/160.mp4
ladies-in-love,https://archive.org/download/LadiesInLove1930/1930LadiesInLove.mp4
across-the-bridge,https://archive.org/download/AcrossTheBrigde/Across_the_Bridge_1957.mp4
highway-dragnet,https://archive.org/download/HighwayDragnet/HighwayDragnet1954.mp4
angel-and-the-badman,https://archive.org/download/angel_and_the_badman/angel_and_the_badman.mp4
the-kid-sister,https://cdn.papertigercinema.com/media/movies/163.mp4
killers-from-space,https://archive.org/download/Killers_from_Space_1954/Killers_from_Space_1954.mp4
my-tehran-for-sale-tehrane-man-haraj-2009,https://archive.org/download/MyTehranForSale-TehraneManHaraj2009/teh.mp4
murder-is-news,https://cdn.papertigercinema.com/media/movies/166.mp4
mutiny,https://cdn.papertigercinema.com/media/movies/167.mp4
miss-v-from-moscow,https://archive.org/download/MissVFromMoscow/MissVFromMoscow.mp4
lassie-a-christmas-story-1958-film-noir-christmas-special,https://archive.org/download/lassie-a-christmas-story-1959-film-noir-christmas-special/Lassie A Christmas Story (1959 Film Noir Christmas Special).mp4
young-widow,https://archive.org/download/Young_Widow_46/Young_Widow_1946.mp4
5-fingers,https://archive.org/download/FiveFingers/FiveFingers1952.mp4
lion-of-the-desert-umar-al-mukhtar-1,https://archive.org/download/LionOfTheDesertumarAlMukhtar1/LionOfTheDesert1.mp4
the-vanishing-riders-1935,https://archive.org/download/TheVanishingRiders1935/TheVanishingRiders1935.mp4
the-red-detachment-of-women,https://archive.org/download/The_Red_Detachment_of_Women/rdow.part1.mp4
thursdays-child,https://archive.org/download/ThursdayChild/ThursdaysChild1943.mp4
private-buckaroo,https://archive.org/download/private_buckaroo/private_buckaroo.mp4
prison-mutiny,https://archive.org/download/prison_mutiny_ipod/prison_mutiny.mp4
manhattan-tower,https://archive.org/download/manhattan_tower/manhattan_tower.mp4
made-for-each-other,https://archive.org/download/madefor_each_other/made_for_each_other.mp4
iron-mask,https://archive.org/download/iron_mask_ipod/iron_mask.mp4
i-the-jury,https://archive.org/download/TheJury_444/I_The_Jury_-1953.mp4
yellowneck,https://archive.org/download/Yellowneck/Yellowneck_-_Full_Movie.mp4
go-getem-haines,https://archive.org/download/go_getem_haines/go_getem_haines.mp4
aces-and-eights,https://archive.org/download/aces_and_eights/aces_and_eights.mp4
girl-o-my-dreams,https://archive.org/download/girl_o_my_dreams_ipod/girl_o_my_dreams.mp4
call-of-the-yukon,https://archive.org/download/call_of_the_yukon_1938/call_of_the_yukon.mp4
evenings-on-the-farm-near-dikanka-the,https://cdn.papertigercinema.com/media/movies/192.mp4
larceny-on-the-air,https://cdn.papertigercinema.com/media/movies/194.mp4
retrovision-theater-presents-swamp-fire-1946,https://archive.org/download/Lbines-RetroVisionTheaterPresentsSwampFire1946870/Lbines-RetroVisionTheaterPresentsSwampFire1946870.mp4
outcast-of-the-islands,https://archive.org/download/OutcastIslands/Outcast_Of_The_Islands_1951.mp4
john-parkers-daughter-of-horror-1955,https://cdn.papertigercinema.com/media/movies/244.mp4
haldane-of-the-secret-service,https://archive.org/download/HaldaneOfTheSecretService_399/HALDANE_OF_THE_SECRET_SERVICE_1923.mp4
prison-nurse,https://archive.org/download/PrisonNurses/Prison_Nurse_1938.mp4
the-lost-city,https://archive.org/download/TheLostCity1935/The_Lost_City_1935.mp4
lady-says-no,https://archive.org/download/lady_says_no/lady_says_no.mp4
sons-of-steel,https://archive.org/download/SonsOfSteel34/Sons_of_Steel_-_Classic_Feature_Film_1934.mp4
sexton-blake-and-the-hooded-terror,https://archive.org/download/sexton_blake_sexton_hooded_terror/Sexton_Blake_and_Hooded_Terror.mp4
the-magic-sword-widescreen-quality-upgrade,https://archive.org/download/TheMagicSwordWidescreenQualityUpgrade/TheMagicSwordWidescreenQualityUpgrade.mp4
mclintock,https://archive.org/download/mclintok_widescreen/McLintock.mp4
oliver-twist,https://archive.org/download/oliver_twist/oliver_twist.mp4
million-dollar-weekend,https://archive.org/download/million_dollar_weekend/million_dollar_weekend.mp4
man-in-the-attic-with-spanish-subtitles,https://archive.org/download/ManInTheAtticwithSpanishSubtitles/Man_in_the_Attic_512kb_sub.mp4
sound-of-horror-1964,https://archive.org/download/SoundOfHorror1964/SoundOfHorror.mp4
the-mole-people,https://archive.org/download/Tmp5634/The_Mole_People__1956.mp4
it-conquered-the-world,https://archive.org/download/HowItConqueredTheWorld/IT_Conquered_The_World_1956.mp4
the-racketeer,https://archive.org/download/TheRacketeer720p1929/TheRacketeer720p1929.mp4
graveofthevampire1974,https://cdn.papertigercinema.com/media/movies/211.mp4
great-god-gold-1935,https://cdn.papertigercinema.com/media/movies/212.mp4
africa-speaks-ipod-version,https://archive.org/download/africa_speaks_ipod/africa_speaks.mp4
city-of-missing-girls,https://archive.org/download/city_of_missing_girls/city_of_missing_girls.mp4
becky-sharp-1935,https://cdn.papertigercinema.com/media/movies/218.mp4
assorted-silent-comedy-shorts-1,https://archive.org/download/AssortedSilentComedyShorts1/OldComedy.mp4
a-yank-in-libya,https://archive.org/download/AYankinLibya/AYankinLibya.mp4
dracula-vs-frankenstein-aka-assignment-terror-widescreen,https://archive.org/download/AssignmentTerrorakaDraculaVs.Frankenstein-PaulNaschy/AssignmentTerror-desktop.mp4
ghost-patrol,https://archive.org/download/ghost_patrol/ghost_patrol.mp4
outlaws-of-the-range,https://archive.org/download/OutlawsOfTheRange/Call_Of_Justice_1936mp4.mp4
shocker-internet-drive-in-week-39-cheap-corman-thrills-double-feature,https://archive.org/download/ShockerInternetDriveIn-Week39cheapCormanThrillsDoubleFeature/Week_39.mp4
shocker-internet-drive-in-week-54-tgia-double-feature,https://archive.org/download/ShockerInternetDriveIn-Week54t.g.i.a.DoubleFeature/Week_54.mp4
city-of-the-deadhorror-hotel,https://archive.org/download/Horror_Hotel/Horror_Hotel.mp4
grave-of-the-vampire,https://cdn.papertigercinema.com/media/movies/226.mp4
mario-mancinis-frankenstein-80-1972,https://archive.org/download/MarioMancinisFrankenstein801972/Frankenstein80.mp4
creature-from-the-haunted-sea,https://archive.org/download/CreatureFromTheHauntedSea/CreatureFromTheHauntedSea.mp4
night-tide,https://archive.org/download/NightTide1961_4/Night_Tide_1961.mp4
attack-of-the-giant-leeches,https://cdn.papertigercinema.com/media/movies/231.mp4
devil-times-five,https://cdn.papertigercinema.com/media/movies/232.mp4
curse-of-the-aztec-mummy-la-maldicion-de-la-momia-azteca-1957-english,https://archive.org/download/CurseOfTheAztecMummylaMaldicionDeLaMomiaAzteca1957-English/Curse_of_the_Aztec_Mummy_Title_01_01-desktop.mp4
encounter-with-the-unknown,https://cdn.papertigercinema.com/media/movies/236.mp4
the-human-monster,https://archive.org/download/TheHumanMonster720p1939/HumanMonster720p.mp4
the-robot-vs-the-aztec-mummy-la-momia-azteca-contro-el-robot-humano-1958-english,https://archive.org/download/TheRobotVs.TheAztecMummylaMomiaAztecaControElRobotHumano1958-/Robot_Vs_Aztec_Mummy_Title_01_01-desktop.mp4
jerry-warrens-terror-of-the-bloodhunters-1962,https://cdn.papertigercinema.com/media/movies/239.mp4
dead-people,https://archive.org/download/dead_people_ipod/dead_people.mp4
horrors-of-spider-island,https://cdn.papertigercinema.com/media/movies/241.mp4
black-dragons,https://archive.org/download/back_dragons_ipod/black_dragons.mp4
werewolf-of-washington,https://cdn.papertigercinema.com/media/movies/243.mp4
ucan-daireler-istanbulda-flying-saucers-over-istanbul-english-subtitles,https://archive.org/download/UcanDairelerIstanbuldaflyingSaucersOverIstanbul/FlyingSaucersOverIstanbulenglishSubs.mp4
the-atomic-man,https://cdn.papertigercinema.com/media/movies/651.mp4
shocker-internet-drive-in-week-49-a-wild-wilder-double-feature,https://archive.org/download/ShockerInternetDriveIn-Week49aWild-WilderDoubleFeature/week_49.mp4
shocker-internet-drive-in-week-34-spring-time-for-witches-psychos,https://archive.org/download/ShockerInternetDriveIn-Week34spring-timeForWitchesPsychos/week_34.mp4
the-bat-1926-with-soundtrack,https://cdn.papertigercinema.com/media/movies/248.mp4
i-bury-the-living-1958,https://archive.org/download/IBuryTheLiving1958/IBuryTheLiving1958.mp4
house-on-haunted-hill-widescreen-video-quality-upgrade,https://archive.org/download/HouseOnHauntedHillWidescreenVideoUpgrade/HouseOnHauntedHillWidescreenVideoUpgrade.mp4
the-killer-shrews,https://archive.org/download/The_Killer_Shrews_1959/The_Killer_Shrews.mp4
the-terror,https://archive.org/download/TheTerror/TheTerror.mp4
lost-in-space-at-the-bijou-double-feature,https://archive.org/download/LostInSpaceAtTheBijoudoubleFeature/LostInSpaceAtTheBijoudoubleFeature.mp4
shocker-internet-drive-in-week-2,https://archive.org/download/ShockerInternetDriveIn-Week2/Movie2.mp4
shocker-internet-drive-in-week-58-springtime-for-starman-part-1,https://archive.org/download/ShockerInternetDriveIn-Week58springtimeForStarman-Part1/week_58.mp4
shocker-internet-drive-in-week-5-driller-killer-70s-drive-in-fun,https://archive.org/download/ShockerInternetDriveInWeek5-DrillerKiller70sDriveInFun/week_5.mp4
she-beast,https://archive.org/download/SheBeast/ThesheBeast.mp4
horror-express,https://archive.org/download/horror_express_ipod/horror_express.mp4
bell-from-hell,https://archive.org/download/BellsFromHell/TheBellFromHell.mp4
the-castle-of-doom-1934,https://cdn.papertigercinema.com/media/movies/260.mp4
the-devils-partner-1958,https://archive.org/download/TheDevilsPartner1958/TheDevilsPartner1958.mp4
shocker-internet-drive-in-week-56-which-witch-double-feature,https://archive.org/download/ShockerInternetDriveIn-Week56whichWitchDoubleFeature/week_56.mp4
rough-riders-round-up,https://archive.org/download/RoughRidersRound-up/Rough_Riders_Round_Up.mp4
manos-the-hands-of-fate,https://archive.org/download/manos_the_hands_of_fate/Manos-The.Hands.of.Fate.mp4
carnival-of-souls-video-quality-upgrade,https://archive.org/download/CarnivalOfSoulsVideoQualityUpgrade/CarnivalOfSoulsVideoUpgrade.mp4
no-place-like-homicide,https://archive.org/download/WhatACarveUp/WhatACarveUp.mp4
psychotronic-cinema-1-frankensteins-castle-of-freaks,https://archive.org/download/PschotronicCinema1-FrankensteinsCastleOfFreaks/PC.mp4
lets-scare-jessica-to-death-1971,https://cdn.papertigercinema.com/media/movies/272.mp4
the-brain-eaters,https://archive.org/download/TheBrainEaters/TheBrainEaters.mp4
tormented,https://cdn.papertigercinema.com/media/movies/302.mp4
the-vampire-bat-1,https://archive.org/download/The_Vampire_Bat_1933/TheVampireBat.mp4
teenagers-from-outer-space,https://cdn.papertigercinema.com/media/movies/340.mp4
borrowed-hero,https://archive.org/download/BorrowedHero/Borrowed_Hero_1941.mp4
invisible-ghost-1941,https://archive.org/download/InvisibleGhost1941/Invisible-Ghost.mp4
alias-john-preston,https://archive.org/download/AliasJohnPreston55/Alias_John_Preston_-_1955.mp4
el-robo-de-las-momias-de-guanajuato-1972,https://archive.org/download/el-robo-de-las-momias/El robo de las momias de Guanajuato (1972).ia.mp4
the-little-shop-of-horrors,https://archive.org/download/TheLittleShopOfHorrorscolor1960/LittleShopofHorrors1960Color.mp4
the-brain-that-wouldnt-die-extended-version-1962,https://archive.org/download/TheBrainThatWouldntDie-ExtendedVersion1962/TheBrainThatWouldntDie-Ext.Ver.1962.mp4
the-corpse-vanishes,https://archive.org/download/TheCorpseVanishes/TheCorpseVanishes.mp4
carnival-of-souls-1962,https://archive.org/download/CarnivalOfSouls1962/Carnival_of_Souls.mp4
the-monster-maker,https://archive.org/download/The_Monster_Maker/The_Monster_Maker.mp4
fatal-hour-the,https://archive.org/download/fatal_hour_the/fatal_hour.mp4
creature-from-the-haunted-sea-1961,https://archive.org/download/CreatureFromTheHauntedSea1961/Creature-From-The_Haunted-Sea.mp4
the-phantom-carriage,https://archive.org/download/ThePhantomCarriage/PhantomCarriage.mp4
the-ghost,https://archive.org/download/TheGhost720p/TheGhost720p.mp4
the-creeping-terror,https://archive.org/download/TheCreepingTerror/TheCreepingTerror.mp4
the-wasp-woman-1959-169-version,https://archive.org/download/TheWaspWoman1959169Version/WaspWoman1959.mp4
messiah-of-evil,https://cdn.papertigercinema.com/media/movies/341.mp4
shocker-internet-drive-in-week-50-moon-men-marathon,https://archive.org/download/ShockerInternetDriveIn-Week50moonMenMarathon/Week_50.mp4
shocker-internet-drive-in-week-23-low-budget-drive-in-specials-dungeons-ghosts,https://archive.org/download/ShockerInternetDriveIn-Week23lowBudgetDriveInSpecialsDungeons/week23.mp4
the-screaming-skull,https://archive.org/download/TheScreamingSkull/TheScreamingSkull.mp4
scared-to-death-with-spanish-subtitles,https://archive.org/download/ScaredToDeathwithSpanishSubtitles/Scared_to_Death_512kb_sub.mp4
rawhide_terror_the,https://archive.org/download/Rawhide_Terror_The/Rawhide_Terror_The.mp4
revenge-of-the-zombies,https://archive.org/download/RevengeOfTheZombies/RevengeOfTheZombies.mp4
shocker-internet-drive-in-week-45-slice-and-dice-double-feature,https://archive.org/download/ShockerInternetDriveIn-Week45sliceAndDiceDoubleFeature/week_45.mp4
teenagers-from-outer-space-1,https://archive.org/download/TeenagersFromOuterSpace/TeenagersFromOuterSpace.mp4
the-monster,https://archive.org/download/TheMonster1925/THE_MONSTER_1925.mp4
carnival-of-souls-ipod-video-version,https://archive.org/download/carnival_of_souls/carnival_of_souls.mp4
crypt-of-the-living-dead,https://archive.org/download/CryptOfTheLivingDead/CryptoftheLivingDead.mp4
phantom-carraige,https://archive.org/download/PhantomCarraige/PhantomCarriage.mp4
snowbeast,https://cdn.papertigercinema.com/media/movies/342.mp4
driller-killer-1979,https://archive.org/download/DrillerKiller1979/Driller-killer.mp4
mysterious-mr-wong-the,https://archive.org/download/mysterious_mr_wong_ipod/mysterious_mr_wong.mp4
assigment_terror_letterboxed_augmented,https://archive.org/download/AssigmentTerror_letterboxed_augmented/AssigmentTerroraugmented.mp4
the-bat,https://archive.org/download/TheBat1926/TheBat1926.mp4
beast-of-yucca-flats,https://archive.org/download/Beast_of_Yucca_Flats_movie/Beast_of_Yucca_Flats.mp4
dead-men-walk,https://archive.org/download/DeadMenWalk/DeadMenWalk.mp4
dracula-vs-frankenstein-aka-assignment-terror-fullscreen,https://archive.org/download/DraculaVs.FrankensteinakaAssignmentTerrorPaulNaschy/DRACULA_VS_Title_01_01-desktop.mp4
its-alive-1969,https://archive.org/download/ItsAlive1969/ItsAlive1969.mp4
naked-massacre,https://cdn.papertigercinema.com/media/movies/325.mp4
atom-age-vampire,https://archive.org/download/AtomAgeVampire/AtomAgeVampire.mp4
bloody-pit-of-horror,https://archive.org/download/BloodyPitOfHorror/BloodyPitOfHorror.mp4
man-in-the-attic,https://cdn.papertigercinema.com/media/movies/327.mp4
scared-to-death,https://archive.org/download/Scared_to_Death/Scared_to_Death.mp4
shocker-internet-drive-in-week-41-boos-for-bela-double-feature,https://archive.org/download/ShockerInternetDriveIn-Week41boosForBelaDoubleFeature/Week_41.mp4
bride-of-the-gorilla-complete-video-quality-upgrade,https://archive.org/download/BrideOfTheGorillamostCompleteVersion/BrideOfTheGorillamostCompleteVersion.mp4
trauma-1962,https://archive.org/download/Trauma1962/Trauma1962.mp4
nightmare-castle,https://archive.org/download/nightmare_castle/M4V10002.MP4
atom-age-vampire-1960,https://archive.org/download/AtomAgeVampire1960/Atom-Age-Vampire.mp4
phantom-ship-the,https://archive.org/download/phantom_ship/phantom_ship.mp4
danger-ahead,https://archive.org/download/danger_ahead/danger_ahead.mp4
invisible-ghost,https://archive.org/download/the_invisible_ghost_ipod/the_invisible_ghost.mp4
fiesta,https://cdn.papertigercinema.com/media/movies/346.mp4
ernst-lubitschs-kohlhiesel-toechter-aka-kohlhiesels-daughters-1920,https://cdn.papertigercinema.com/media/movies/347.mp4
exiled-to-shanghai,https://archive.org/download/ExiledThroughShanghai/Exiled_to_Shanghai_1937.mp4
the-time-of-your-life,https://archive.org/download/TheTimeOfYourLife720p1948/TheTimeOfYourLife720p.mp4
the-dark-hour,https://archive.org/download/TheDarkHour1936-02-18/1936TheDarkHour.mp4
assorted-silent-comedy-shorts-3,https://archive.org/download/AssortedSilentComedyShorts3/OldComedy3.mp4
assorted-silent-comedy-shorts-8,https://archive.org/download/AssortedSilentComedyShorts8/OldComedy8.mp4
his-royal-highness,https://archive.org/download/HisRoyalHighness/HisRoyalHighness.mp4
his-picture-in-the-papers,https://archive.org/download/His_Picture_in_the_Papers/His_Picture_in_the_Papers.mp4
the-gorilla,https://archive.org/download/The.Gorilla/The_Gorilla.mp4
broadway-jungle,https://archive.org/download/BroadwayJungle/BroadwayJungle.mp4
fit-for-a-king,https://archive.org/download/fitforaking/fit_for_a_king.mp4
earthworm-tractors-720,https://archive.org/download/EarthwormTractors720/EarthwormTractors720.mp4
suds,https://archive.org/download/Suds_1920/Suds.mp4
a-womans-man,https://archive.org/download/TheWomansMan5434/A_Womans_Man_1934.mp4
twin-husbands,https://archive.org/download/TwinHusbands1933Pre-codeFilm/1933TwinHusbands.mp4
bowery-blitzkrieg,https://archive.org/download/bowery_blitzkrieg_ipod/bowery_blitzkrieg.mp4
wake-me-up-when-the-war-is-over,https://cdn.papertigercinema.com/media/movies/366.mp4
panthers-claw-the,https://archive.org/download/panters_claw_ipod/panthers_claw.mp4
oh-mr-porter,https://cdn.papertigercinema.com/media/movies/369.mp4
riders-of-the-rockies,https://archive.org/download/RidersOfTheRockies/Riders_of_the_Rockies1937.mp4
ramsbottom-rides-again,https://cdn.papertigercinema.com/media/movies/371.mp4
the-medicine-man,https://archive.org/download/TheMedicineMan720p1930/TheMedicineMan720p.mp4
the-roaring-road,https://archive.org/download/TheRoaringRoad1919/TheRoaringRoad1919.mp4
ticket-to-paradise,https://archive.org/download/TicketToParadise4036/Ticket_to_Paradise_1936.mp4
a-man-betrayed,https://archive.org/download/ManBetrayed36/A_Man_Betrayed_1936.mp4
san-fernando-valley,https://archive.org/download/SanFernandoValley441985/San_Fernando_Valley_1944.mp4
live-wire-the,https://archive.org/download/live_wire/live_wire.mp4
private-snuffy-smith,https://archive.org/download/private_snuffy_smith/private_snuffy_smith.mp4
uncle-joe,https://cdn.papertigercinema.com/media/movies/380.mp4
chasing-trouble,https://archive.org/download/chasing_trouble_ipod/chasing_trouble.mp4
his-double-life,https://archive.org/download/his_double_life/his_double_life.mp4
hot-curves,https://archive.org/download/Hot_Curves_3054/Hot_Curves_1930.mp4
groom-wore-spurs-the,https://archive.org/download/GroomWoreSpursThe/GroomWoreSpurs_the.mp4
hidden-gold,https://archive.org/download/HiddenGold4090/Hidden_Gold_1940.mp4
o-kay-for-sound,https://cdn.papertigercinema.com/media/movies/387.mp4
city-park,https://archive.org/download/CityPark1934/1934CityPark.mp4
royal-wedding,https://archive.org/download/RoyalWedding720p1951/RoyalWedding720p.mp4
man-of-the-moment,https://archive.org/download/ManOfTheMoment/Man_of_the_Moment.mp4
two-weeks-to-live,https://archive.org/download/2_weeks_to_live/2_week_to_live.mp4
i-thank-you,https://archive.org/download/i_thank_you/ithankyou.mp4
love-laughs-at-andy-hardy,https://archive.org/download/loveLaughsatAndyHardy/love_laughs_at_andy_hardy.mp4
hurricane-at-pilgrim-hill,https://cdn.papertigercinema.com/media/movies/395.mp4
ladies-who-do,https://archive.org/download/LadiesWhoDo6377/LadiesWhoDo1963.mp4
scared-stiff-treasure-of-fear,https://archive.org/download/Scared_Stiff/ScaredStiff.mp4
little-men,https://archive.org/download/LittleMen6544/LittleMen1940.mp4
the-moon-is-blue,https://archive.org/download/MoonIsBlue/The_Moon_is_Blue_1953.mp4
the-phantom-express,https://archive.org/download/The.Phantom.Express/The.Phantom.Express.mp4
were-in-the-legion-now,https://cdn.papertigercinema.com/media/movies/403.mp4
killer-dill,https://archive.org/download/killer_dill_ipod/killer_dill.mp4
broadway-limited,https://archive.org/download/BroadwayLtd/Broadway_Limited_1941.mp4
assorted-silent-comedy-shorts-6,https://archive.org/download/AssortedSilentComedyShorts6/OldComedy61.mp4
along-came-love,https://archive.org/download/ALongCameLove_380/Along_Came_Love_1936.mp4
heartbeat,https://cdn.papertigercinema.com/media/movies/409.mp4
heading-for-heaven-ipod,https://archive.org/download/heading_for_heaven_ipod/heading_for_heaven.mp4
country-gentlemen,https://archive.org/download/CountryGentlemen_694/Country_Gentlemen_1936.mp4
hoopla,https://archive.org/download/Hoop-La/Hoop-La1933.mp4
the-admiral-was-a-lady,https://cdn.papertigercinema.com/media/movies/413.mp4
reaching-for-the-moon,https://cdn.papertigercinema.com/media/movies/415.mp4
seven-keys-to-baldpate,https://cdn.papertigercinema.com/media/movies/416.mp4
clouds-over-europe,https://archive.org/download/CloudsOverEurope/Clouds_Over_Europe.mp4
trapped-by-television-1936,https://archive.org/download/TrappedByTelevision1936/TrappedByTelevision1936.mp4
that-gang-of-mine,https://archive.org/download/ThatGangOfMine720p1940/ThatGangOfMine720p.mp4
the-mystery-of-the-hooded-horsemen,https://archive.org/download/TheMysteryOfTheHoodedHorseman/TheMysteryOfTheHoodedHorseman.mp4
one-body-too-many,https://archive.org/download/One_Body_Too_Many/One_Body_Too_Many.mp4
the-shadow-strikes-1937,https://archive.org/download/TheShadowStrikes1937/TheShadowStrikes.mp4
paradise-in-harlem,https://cdn.papertigercinema.com/media/movies/426.mp4
the-nasty-rabbit-1964,https://archive.org/download/TheNastyRabbit1964.mp4/TheNastyRabbit1964.mp4
what-the-butler-saw,https://archive.org/download/WhatButlerSaw/WhatTheButlerSaw1950.mp4
inspector-hornleigh-goes-to-it,https://archive.org/download/inspector-hornleigh-goes-to-it/inspector_hornleigh_goes_to_it.mp4
scared-stiff,https://archive.org/download/TreasureOfFear45/Treasure_of_Fear_1945.mp4
the-plank,https://archive.org/download/ThePlankBritish/ThePlank1967.mp4
love_in_high_gear,https://archive.org/download/Love_in_High_Gear/Love-in-High-Gear-1932_1.mp4
love-island,https://archive.org/download/love_island/love_island.mp4
the-farmers-daughter,https://archive.org/download/FarmersDaughter47/The_Farmers_Daughter_1947.mp4
nighttime-in-nevada,https://archive.org/download/NighttimeInNevada4875/Night_Time_in_Nevada_-_Feature_Film_1948.mp4
our-hospitality,https://archive.org/download/OurHospitality_29/OurHospitality.mp4
fanchon-the-cricket-1915,"https://archive.org/download/fanchon/Fanchon, the Cricket (1915).ia.mp4"
behave-yourself,https://archive.org/download/behave_yourself_ipod/behave_yourself.mp4
wolves-of-the-range,https://archive.org/download/WolvesOnTheRange4380/Wolves_of_the_Range_1943.mp4
why-change-your-wife,https://archive.org/download/Why_Change_Your_Wife/Why_Change_Your_Wife.mp4
assorted-silent-comedy-shorts-7,https://archive.org/download/AssortedSilentComedyShorts7/OldComedy7.mp4
to-see-such-fun,https://archive.org/download/ToSeeSuchFun190/TO_SEE_SUCH_FUN.mp4
a-bride-for-henry,https://archive.org/download/bride_for_henry_ipod/bride_for_henry.mp4
wild-women,https://archive.org/download/BowangaBowanga/Bowanga_Bowanga_1951.mp4
the-flapper,https://archive.org/download/The_Flapper/The_Flapper.mp4
the-eye-creatures,https://cdn.papertigercinema.com/media/movies/450.mp4
topper-returns,https://archive.org/download/TopperReturns720p1941/TopperReturns720p.mp4
up-in-the-air,https://cdn.papertigercinema.com/media/movies/453.mp4
teenagers-from-outer-space-1959,https://cdn.papertigercinema.com/media/movies/454.mp4
are-we-civilized,https://archive.org/download/AreWeCivilized_987/AreWeCivilized.mp4
double-exposure-ipod,https://archive.org/download/double_exposure_ipod/double_exposure.mp4
breakfast-in-hollywood,https://archive.org/download/breakfast_in_hollywood/Breakfast_in_Hollywood.mp4
lost-in-the-stratosphere,https://archive.org/download/lost_in_the_stratosphere/lost_in_the_stratosphere.mp4
its-a-joke-son-ipod-version,https://archive.org/download/its_a_joke_son_ipod/its_a_joke_son.mp4
miss-london-ltd,https://archive.org/download/miss_london_ltd_1943/miss_london_ltd.mp4
treasure-of-fear-1945,https://archive.org/download/TreasureOfFear1945/TreasureOfFear1945.mp4
jack-and-the-beanstalk,https://archive.org/download/jack_and_the_beanstalk_ipod/jackandthebeanstalk.mp4
speak-easily,https://archive.org/download/speak_easily/speak_easily.mp4
all-american-co-ed,https://archive.org/download/AmericanCoEd/AllAmericanCoEd.mp4
irish-luck,https://archive.org/download/irish_luck_ipod/irish_luck.mp4
baby-face-morgan,https://archive.org/download/Baby.Face.Morgan/Baby.Face.Morgan.mp4
angel-on-my-shoulder,https://archive.org/download/angelOnMyShoulder/angel_on_my_shoulder.mp4
murder-by-invitation,https://archive.org/download/MurderByInvitation4150/Murder_by_Invitation_1941.mp4
the-crooked-circle,https://archive.org/download/the_crooked_circle_ipod/crooked_circle.mp4
killer-diller,https://archive.org/download/killer_diller/Killer_Diller.mp4
midnight-manhunt,https://archive.org/download/midnight_manhunt_ipod/Midnight_Manhunt.mp4
bees-in-paradise-1944,https://cdn.papertigercinema.com/media/movies/475.mp4
assorted-silent-comedy-shorts-2,https://archive.org/download/AssortedSilentComedyShorts2/OldComedy2.mp4
africa-screams,https://archive.org/download/AfricaScreams720p1949/AfricaScreams720p.mp4
escape-to-paradise,https://archive.org/download/escape_to_paradise_ipod/escape_to_paradise.mp4
girl-o-my-dreams-1,https://archive.org/download/girl_o_my_dreams/girl_o_my_dreams.mp4
sos-your-aunt-emma,https://archive.org/download/sos_your_aunt_emma/sos_your_aunt_emma.mp4
his-double-life-1933-re-uploaded-trimmed-to-1hr8min,https://archive.org/download/HisDoubleLife1933re-uploaded-trimmedTo1hr8min/His_double_life_1933_512kb2Trimmed1hr7min.mp4
boy-what-a-girl,https://archive.org/download/boy_what_a_girl_ipod/boy_what_a_girl.mp4
heart-of-the-golden-west,https://archive.org/download/HeatOfTheGoldenWest/HeartoftheGoldenWest1942.mp4
so-this-is-washingtom,https://archive.org/download/so_this_is_washington_ipod/so_this_is_washington.mp4
a-christmas-without-snow,https://cdn.papertigercinema.com/media/movies/488.mp4
danger-lights,https://archive.org/download/Dangerous_Lights/DANGER_LIGHTS_1930.mp4
dragnet-patrol,https://archive.org/download/DragnetPatrol_773/Dragnet_Patrol_1931.mp4
lady-from-louisiana,https://archive.org/download/LadyFromLa/Lady_from_Louisiana.mp4
emergency-call,https://archive.org/download/EmergencyCall/Emergency_Call.mp4
target-for-tonight,https://archive.org/download/TargetForTonight/TargetforTonight1941.mp4
the-way-ahead,https://archive.org/download/WayAhead/The_Way_Ahead_1944.mp4
the-silver-horde,https://archive.org/download/SilverHorde1930/The_Silver_Horde_1930.mp4
the-white-warrior,https://archive.org/download/TheWhiteWarrior1961/TheWhiteWarrior1961.mp4
f-scott-fitzgerald-and-the-last-of-the-belles,https://cdn.papertigercinema.com/media/movies/502.mp4
persona,https://archive.org/download/Persona_931/Persona1966.mp4
the-little-red-schoolhouse,https://archive.org/download/LittleRedSchoolhouse_654/The_Little_Red_Schoolhouse_1936.mp4
aerial-gunner,https://archive.org/download/aerial_gunner/aerial_gunner.mp4
convicts-code,https://archive.org/download/convicts_code/convicts_code.mp4
bulldog-drummond-comes-back,https://archive.org/download/BulldogDrummond720p1937/BulldogDrummondComesBack720p.mp4
the-clouded-yellow,https://archive.org/download/KamiliIlivyoZa/The_Clouded_Yellow1950.mp4
the-st-louis-bank-robbery,https://archive.org/download/St.LouisBankRobbery/TheGreatSaintLouisBankRobbery.mp4
cabiria,https://cdn.papertigercinema.com/media/movies/512.mp4
the-intruder,https://archive.org/download/Intruder6234/TheIntruder1962.mp4
ill-be-seeing-you,https://archive.org/download/IWillBeSeeingYou/IBSY.mp4
the-seventh-veil,https://archive.org/download/SevenVeils/TheSeventhVeil1945.mp4
cyrano-de-bergerac-1,https://archive.org/download/Cyrano_DeBergerac/Cyrano_De_Bergerac.mp4
david-and-goliath,https://cdn.papertigercinema.com/media/movies/519.mp4
the-strange-woman,https://archive.org/download/StrangeWoman/Strange_Woman.mp4
under-the-big-top,https://archive.org/download/under_the_big_top_ipod/under_the_big_top.mp4
secret-evidence,https://archive.org/download/SecretEvidence1941/SecretEvidence1941.mp4
the-bigamist,https://archive.org/download/bigamist_the/the_bigamist.mp4
the-man-who-cheated-himself,https://cdn.papertigercinema.com/media/movies/524.mp4
pollyanna,https://archive.org/download/Pollyanna_275/Pollyanna1920.mp4
breaking-the-ice,https://archive.org/download/breaking_the_ice/breaking_the_ice.mp4
club-paradise,https://archive.org/download/club_paradise/club_paradise.mp4
speeding-up-time-1971,https://archive.org/download/speeding-up-time/Speeding Up Time (1971).ia.mp4
the-woman-in-green,https://archive.org/download/WomanInGreen720p1945/WomanInGreen720p.mp4
paradise-isle,https://archive.org/download/paradise_isle_ipod/paradise_isle.mp4
big-trees-the,https://archive.org/download/big_trees/big_trees.mp4
east-side-kids,https://archive.org/download/EastSideKids720p1940/EastSideKids720p.mp4
home-town-story,https://archive.org/download/HometownStory_868/Home_Town_Story_1951.mp4
confessions-of-a-vice-baron-1943,https://cdn.papertigercinema.com/media/movies/580.mp4
the-lamp-still-burns,https://archive.org/download/TheLampStillBurns4354/The_Lamp_Still_Burns_1943.mp4
the-song-of-bernadette,https://archive.org/download/TheSongOfBernadette1943/SongOfBernadette.mp4
guilty-bystander,https://archive.org/download/Guilty_Bystander_5067/Guilty_Bystander_1950.mp4
martin-luther,https://archive.org/download/MartinLuther/MartinLuther.mp4
racket-busters,https://archive.org/download/RacketBusters/RacketBusters1938.mp4
the-speed-reporter,https://archive.org/download/SpeedReporter_557/The_Speed_Reporter_1936.mp4
the-second-woman,https://archive.org/download/TheSecondWoman720p1950/TheSecondWoman720p.mp4
penny-serenade,https://cdn.papertigercinema.com/media/movies/549.mp4
law-of-the-underworld,https://archive.org/download/LawsOfTheUnderworld38/Law_of_the_Underworld_1938.mp4
woman-on-the-run,https://archive.org/download/WomenOnTheRun578/Woman_on_the_Run.mp4
tom-browns-school-days,https://archive.org/download/SchoolDays_104/Tom_Browns_School_Days_1940.mp4
the-capture,https://archive.org/download/The_Capture_movie/Capture.mp4
the-greatest-question,https://cdn.papertigercinema.com/media/movies/557.mp4
first-spaceship-on-venus-the-schweigende-stern-der,https://archive.org/download/the_first_spaceship_on_venus/First_Spaceship_on_Venus.mp4
the-blue-parrot,https://archive.org/download/ModrParrtot/The_Blue_Parrot_1953.mp4
a-fool-there-was,https://archive.org/download/A_Fool_There_Was/A_Fool_There_Was.mp4
cyrano-de-bergerac,https://cdn.papertigercinema.com/media/movies/564.mp4
big-news-1929,https://archive.org/download/BigNews-1929/Big-News-1929_1.mp4
swamp-women,https://archive.org/download/RC_SwampWomen/RC_SwampWomen.mp4
cosmo-jones-crime-smasher,https://cdn.papertigercinema.com/media/movies/565.mp4
bird-of-paradise,https://archive.org/download/BirdOfParadise/BirdofParadise1932film.mp4
home-sweet-home,https://archive.org/download/HomeSweetHome720p1914/HomeSweetHome1914.mp4
the-sleeping-tiger,https://archive.org/download/ASleepingTiger/The_Sleeping_Tiger.mp4
love-on-the-dole,https://archive.org/download/LoveOnTheDole_476/LoveOnTheDole.mp4
secrets-of-an-actress,https://archive.org/download/SecretsOfActress/Secrets_of_an_Actress_1938.mp4
in-which-we-serve,https://archive.org/download/In_Which_We_Serve/In_Which_We_Serve.mp4
escape-by-night,https://archive.org/download/escape_by_night/escape_by_night.mp4
eyes-of-youth,https://archive.org/download/EyesOfYouthPd19/Eyes_of_Youth_1919.mp4
the-lady-refuses,https://archive.org/download/TheLadyRefused31/The_Lady_Refuses_1931.mp4
the-world-gone-mad,https://archive.org/download/TheWorldGoneMad/TheWorldGoneMad.mp4
terror-island,https://archive.org/download/TerrorIsland/TerrorIsland.mp4
red-haired-alibi,https://archive.org/download/RedhairAlibi3268/Temple_Red_Haired_Alibi_1932.mp4
big-show-off-the,https://archive.org/download/big_show-off/big_show-off.mp4
cause-for-alarm,https://archive.org/download/cause_for_alarm/cause_for_alarm.mp4
below-the-deadline,https://archive.org/download/below_the_deadline_1936/below_the_deadline.mp4
gamblers-choice,https://archive.org/download/gamblers-choice/gamblers_choice.mp4
hearts-in-bondage,https://archive.org/download/hearts_in_bondage/hearts_in_bondage.mp4
go-for-broke,https://archive.org/download/go_for_broke_ACM/Go_for_Broke.mp4
stella-maris,https://cdn.papertigercinema.com/media/movies/592.mp4
chamber-of-horrors,https://archive.org/download/ChamberOfHorrors/ChamberOfHorrors.mp4
close-up,https://archive.org/download/CloseUp_947/CloseUp1948.mp4
affair-in-monte-carlo,https://archive.org/download/Affairmonte_carlo5410/Affair_In_Monte_Carlo_1954.mp4
they-were-sisters,https://archive.org/download/They_Were_Sisters_071/They_Were_Sisters_1945.mp4
a-close-call-for-boston-blackie,https://cdn.papertigercinema.com/media/movies/599.mp4
bank-alarm,https://archive.org/download/bank_alarm/bank_alarm.mp4
telephone-operator,https://archive.org/download/TelephoneOperator37/TelephoneOperator1937.mp4
destroy-all-planets,https://archive.org/download/Destroy_All_Planets/Destroy_All_Planets.mp4
der-morder-dimitri-karamasoff-1931,https://archive.org/download/karamasoff/Der Mörder Dimitri Karamasoff (1931).mp4
life-and-death-of-colonel-blimp_the,https://archive.org/download/LifeAndDeathOfColonelBlimp_the/Life_and_death_ofCol_blimp.mp4
a-town-like-alice,https://archive.org/download/CidadeComoAlice/A_Town_Like_Alice_1956.mp4
manslaughter,https://archive.org/download/Manslaughter_1922/Manslaughter.mp4
sister-to-judas,https://archive.org/download/SisterToJudas/Sister_to_Judas_1932.mp4
public-stenographer,https://archive.org/download/PublicStenographer_296/Public_Stenographer_1934.mp4
walk-softly-stranger,https://archive.org/download/Walk_Softly_Stranger_50/WalkSoftlyStranger1950.mp4
johnny-youre-wanted,https://archive.org/download/JohnnyYoureWanted/Johnny_Youre_Wanted_-_1956.mp4
the-lodger-a-story-of-the-london-fog-1,https://cdn.papertigercinema.com/media/movies/613.mp4
docks-of-san-francisco,https://archive.org/download/DocsOfSanFrancisco/Docks_of_San_Francisco_1932.mp4
the-wrong-road,https://archive.org/download/WrongRoad/TheWrongRoad.mp4
for-you-i-die,https://cdn.papertigercinema.com/media/movies/619.mp4
finger-of-guilt,https://archive.org/download/IntimageStranger56985/The_Intimate_Stranger_1956.mp4
lying-lips,https://archive.org/download/lying_lips_ipod/lying_lips.mp4
the-turning-point,https://archive.org/download/PontoDeViragem5250/The_Turning_Point_1952.mp4
range-warfare,https://archive.org/download/Range_Warfare_125/Range_Warfare_1935.mp4
the-conquering-power,https://cdn.papertigercinema.com/media/movies/624.mp4
affairs-of-cappy-ricks,https://archive.org/download/affairs_of_cappy_ricks_ipod/affairs_of_cappy_ricks.mp4
kansas-city-confidential-ipod,https://archive.org/download/kansas_city_confidential_ipod/kansascityconfidencial.mp4
secret-mission,https://archive.org/download/SecretMission4286/Secret_Mission_1942.mp4
a-farewell-to-arms,https://archive.org/download/AFarewllToArms720p1932/AFarewellToArms720p.mp4
the-phantom-planet,https://archive.org/download/PlanetaFantasma/The_Phantom_Planet_1961.mp4
the-amazing-transparent-man,https://archive.org/download/The_Amazing_Transparent_Man/The_Amazing_Transparent_Man.mp4
battle-of-the-worlds,https://archive.org/download/Botw6158/Battle_of_the_Worlds_1961.mp4
warning-from-space,https://archive.org/download/Warning_From_Space_MPEG/Warning_From_Space.mp4
the-wizard-of-mars,https://archive.org/download/WizardOfMars/TheWizardOfMars1965.mp4
things-to-come-1,https://archive.org/download/things_to_come_ipod_version/things_to_come.mp4
phantom-planet,https://archive.org/download/phantom_planet_ipod/The_Phantom_Planet.mp4
the-mighty-thor-against-the-queen-of-the-amazons-aka-thor-and-the-amazon-women-english,https://archive.org/download/TheMightyThorAgainstTheQueenOfTheAmazonsthorAndTheAmazonWomen-/thor-desktop.mp4
storm-world,https://archive.org/download/StormWorld/StormWorld.mp4
la-morte-viene-dallo-spazio,https://archive.org/download/TheDayExploded_313/TheDayTheSkyExploded.mp4
women-in-the-night,https://archive.org/download/women_in_the_night_ipod/women_in_the_night.mp4
things-to-come,https://cdn.papertigercinema.com/media/movies/646.mp4
warning-from-space-1,https://archive.org/download/warning_from_space_1956/warning_from_space.mp4
hercules-against-the-moon-men,https://archive.org/download/hercules_against_the_moon_men_1964/Hercules_Against_the_Moon_Men.mp4
attack-of-the-monsters,https://archive.org/download/Attack_of_the_Monsters/Attack_of_the_Monsters.mp4
invaders-from-space,https://archive.org/download/InvadersFromSpace/NVEExport.mp4
body-of-the-prey,https://archive.org/download/BodyOfThePrey1966/BodyOfThePrey.mp4
danger-flight,https://archive.org/download/danger_flight/danger_flight.mp4
shocker-internet-drive-in-week-36-mothers-day-massive-monsters-double-feature,https://archive.org/download/ShockerInternetDriveInWeek36mothersDayMassiveMonstersDouble/Week_36.mp4
horrors-of-the-red-planet,https://archive.org/download/HorrorsOfTheRedPlanet/HorrorsOfTheRedPlanet.mp4
just-imagine,https://archive.org/download/JustImagine_97/JustImagine1930.mp4
shocker-internet-drive-in-week-1,https://archive.org/download/ShockerInternetDriveInWeek1/movie1.mp4
shocker-internet-drive-in-week-10-christmas-special,https://archive.org/download/ShockerInternetDriveInWeek10-ChristmasSpecial/week10-xmas.mp4
son-of-ingagi-1940,https://archive.org/download/SonOfIngagi1940/SonOfIngagi1940.mp4
non-stop-new-york,https://archive.org/download/non_stop_new_york/non_stop_new_york.mp4
devil-diamond,https://archive.org/download/devil_diamond_ipod/devil_diamond.mp4
invasion-of-the-bee-girls-widescreen-quality-upgrade,https://archive.org/download/InvasionOfTheBeeGirlsWidescreenQualityUpgrade/InvasionOfTheBeeGirlsWidescreen.mp4
arizona-stage-coach,https://archive.org/download/arizona_stage_coach/arizona_stage_coach.mp4
the-most-dangerous-game,https://archive.org/download/The_Most_Dangerous_Game_32/The_Most_Dangerous_Game_1932.mp4
boot-hill-bandits,https://archive.org/download/boot_hill_bandits/boot_hill_bandits.mp4
the-big-trees,https://cdn.papertigercinema.com/media/movies/671.mp4
guns-of-the-law,https://archive.org/download/GunsOfTheLaw44/Guns_of_the_Law_1944.mp4
liane-das-madchen-aus-dem-urwaldliane-jungle-goddess,https://archive.org/download/liane_jungle_goddess/laine_jungle_godess.mp4
heres-flash-casey,https://archive.org/download/heres_flash_casey_1938/heres_flash_casey.mp4
warhead-1977,https://archive.org/download/Warhead-1977/PrisonerInTheMiddle-1977.mp4
shadows-of-the-orient,https://archive.org/download/shadows_of_the_orient_acm/shadows_of_the_orient.mp4
caryl-of-the-mountains,https://archive.org/download/caryl_of_the_mountains_ipod/caryl_of_the_mountains.mp4
two-gun-man-from-harlem,https://archive.org/download/TwoGunManFromHarlem1937/Two-Gun_Man_from_Harlem_1937.mp4
underground-rustlers,https://archive.org/download/underground_rustlers_ipod/underground_rustlers.mp4
manfish,https://archive.org/download/Manfish/ManfishIpod.mp4
the-contender,https://archive.org/download/the_contender_ipod/the_contender.mp4
chase-step-by-step-1974,https://cdn.papertigercinema.com/media/movies/687.mp4
fighting_mad,https://archive.org/download/Fighting_Mad/Fighting_Mad.mp4
the-spanish-cape-mystery,https://archive.org/download/TheSpanishCapeMystery1935/TheSpanishCapeMystery.mp4
phantom-cowboy,https://archive.org/download/phantom-cowboy/phantom_cowboy.mp4
renfrew-of-the-royal-mounted,https://archive.org/download/renfrew_of_the_royal_mounted/renfrew_of_the_royal_mounted.mp4
payoff-the,https://archive.org/download/payoff_ipod/payoff.mp4
the-first-of-the-few,https://cdn.papertigercinema.com/media/movies/697.mp4
death-rides-the-range,https://archive.org/download/DeathRidesTheRange/DeathRidesTheRange.mp4
doomed-caravan,https://archive.org/download/DoomedCaravan/Doomed_Caravan_1941.mp4
hot-rod-girl,https://archive.org/download/hot_rod_girl_1956/hot_rod_girl.mp4
sky-patrol,https://archive.org/download/sky_patrol_ipod/sky_patrol.mpeg.mp4
captain-calamity,https://archive.org/download/captain_calamity/captain_calamity.mp4
bulldog-drummond-escapes,https://cdn.papertigercinema.com/media/movies/706.mp4
code-name-zebra,https://cdn.papertigercinema.com/media/movies/707.mp4
dick-tracy-vs-cueball,https://archive.org/download/DickTracyVsCueball720p1946/DickTracyVsCueball720p.mp4
gangsters-of-the-frontier,https://archive.org/download/GangstersFrontier/GangstersoftheFrontier.mp4
revenge-of-the-barbarians,https://archive.org/download/RevengeOfTheBarbarians/RevoltoftheBarbarians.mp4
rough-riding-ranger,https://archive.org/download/KiGrajRidingRanger/Rough_Riding_Ranger_-1935.mp4
kid-monk-baroni,https://archive.org/download/Kid_Monk_Baroni/Kid_Monk_Baroni.mp4
code-of-the-cactus,https://archive.org/download/code_of_the_cactus/code_of_the_cactus.mp4
the-silent-enemy,https://archive.org/download/SilentEnemy/The_Silent_Enemy._Gibraltar_1958.mp4
danger-on-wheels,https://archive.org/download/DangerOnWheels/DangerOnWheels.mp4
rim-of-the-canyon,https://archive.org/download/RimOfCanyon/RimoftheCanyon.mp4
tangled-trails,https://archive.org/download/SandsOfSacrifice1921/SandsofSacrifice.mp4
cavalry,https://archive.org/download/Calvary_677/Cavalry1936.mp4
tnt-jackson,https://cdn.papertigercinema.com/media/movies/724.mp4
fury-of-the-shaolin-master,https://archive.org/download/MasterTheKid/TheMasterTheKid.mp4
a-man-of-sentiment,https://archive.org/download/AManOfSentiment1933/1933AManOfSentiment.mp4
ladies-crave-excitement,https://archive.org/download/LadiesCraveExcitement/LadiesCraveExcitement1935.mp4
now-or-never,https://archive.org/download/NowOrNever_577/Now_or_Never_1935.mp4
shadow-of-chinatown,https://archive.org/download/ShadowOfChinatown/BelaLugosiShadowOfChinatownFullMovie.mp4
the-star-packer,https://archive.org/download/StarPacker/1934_The_Star_Packer.mp4
roar-of-the-press,https://archive.org/download/roar_of_the_press_ipod/roar_of_the_press.mp4
star-reporter,https://archive.org/download/star_reporter_ipod/star_reporter.mp4
waltzes-from-vienna,https://archive.org/download/Waltzes_from_Vienna/Waltzes_from_Vienna.mp4
young-and-innocent,https://archive.org/download/YoungAndInnoncent4558/Young_and_Innocent1937.mp4
fresh-from-paris,https://archive.org/download/freshFromParis/fresh_from_paris.mp4
kit-carson,https://archive.org/download/KidCarson/KitCarson1940.mp4
the-beloved-rogue,https://archive.org/download/BelovedRogue832/The_Beloved_Rogue.mp4
zouzou-aka-zou-zou,https://cdn.papertigercinema.com/media/movies/741.mp4
under-the-big-top-1,https://archive.org/download/under_the_big_top/under_the_big_top.mp4
wrong-road-the,https://archive.org/download/wrong-road/wrong_road.mp4
evergreen,https://cdn.papertigercinema.com/media/movies/744.mp4
zis-boom-bah,https://archive.org/download/zis_boom_bah/zis_boom_bah.mp4
no-no-nanette,https://archive.org/download/no_no_nanette/no_no_nanette.mp4
mr-boggs-steps-out,https://archive.org/download/mr_boggs_steps_out_ipod/mr_boggs_steps_out.mp4
return-from-the-sea-1954,https://archive.org/download/return-from-the-sea/Return from the Sea (1954).mp4
stork-club-the,https://archive.org/download/the_stork_club/the_stork_club.mp4
woman-to-woman,https://archive.org/download/Woman2Woman/Woman_to_Woman_1929.mp4
almost,https://archive.org/download/almost990/Almost.mp4
dishonored-lady,https://archive.org/download/dishonored_lady_iPod/dishonored_lady.mp4
my-love-for-your-aka-honeymoon-in-bali,https://archive.org/download/my_love_for_yours_ipod/my_love_for_yours.mp4
love-affair,https://archive.org/download/LoveAffair_742/LeoMccareysLoveAffair1939CharlesBoyerAndIreneDunne.mp4
hook-line-and-sinker,https://archive.org/download/hook_line_and_sinker/hook_line_and_sinker.mp4
the-mysterious-rider-aka-mark-of-the-avenger,https://archive.org/download/mark_of_the_avenger_1938/mark_of_the_avenger.mp4
murder-in-the-blue-room-1944-5-star-classic-mys-com-rom,https://archive.org/download/murder-in-the-blue-room-1944-5-star-classic-mys-com-rom/Murder In the Blue Room (1944 5 Star Classic MysComRom).mp4
the-torch,https://archive.org/download/Torch_183/The_Torch.mp4
fit-for-a-king-complete,https://archive.org/download/FitForAKingcomplete/Fit_For_A_King_complete.mp4
hour-of-glory,https://archive.org/download/SmallBackRoom_4980/The_Small_Back_Room_1949.mp4
the-nut,https://archive.org/download/The_Nut/The_Nut.mp4
fire-over-england-video-quality-upgrade,https://archive.org/download/FireOverEnglandVideoQualityUpgrade/FireOverEnglandVideoQualityUpgrade.mp4
exile-express-upgraded,https://cdn.papertigercinema.com/media/movies/768.mp4
pecos-kid,https://archive.org/download/pecos-kid/pecos_kid.mp4
border-caballero,https://archive.org/download/border_cabellero/border_cabellero.mp4
hell-ship-mutiny,https://archive.org/download/HellshipMutiny_246/Hell_Ship_Mutiny_1957.mp4
mercy-plane,https://archive.org/download/MercyPlane/MercyPlane.mp4
storm-in-a-teacup,https://cdn.papertigercinema.com/media/movies/775.mp4
our-town,https://archive.org/download/OurTown720p1940/OurTown720p.mp4
taming-the-wild,https://archive.org/download/Taming_The_Wild36/Taming_the_Wild_36.mp4
the-woman-between,https://archive.org/download/TheWomanBetween1931/TheWomanBetween1931.mp4
marked-for-murder,https://archive.org/download/marked_for_murder/marked_for_murder.mp4
alias-john-law,https://archive.org/download/alias_john_law/alias_john_law.mp4
broadway-to-cheyenne,https://archive.org/download/BroadwayToCheyenne_564/BroadwaytoCheyenne.mp4
dude-bandit,https://archive.org/download/dude_bandit/dude_bandit.mp4
six-gun-rhythm-ipod,https://archive.org/download/six_gun_rhythm_ipod/six-gun_rhythm.mp4
bulldog-courage,https://cdn.papertigercinema.com/media/movies/785.mp4
trail-riders,https://archive.org/download/trail_riders_mov/trail_riders.mp4
hellfire-austin,https://archive.org/download/hellfire_austin_ipod/hellfire_austin.mp4
ambush-valley,https://archive.org/download/ambush_valley/ambush_valley.mp4
take-me-back-to-oklahoma,https://cdn.papertigercinema.com/media/movies/789.mp4
ride-ranger-ride,https://archive.org/download/ride_ranger_ride/ride_ranger_ride.mp4
feud-maker-the,https://archive.org/download/feud_maker/feud_maker.mp4
the-bronze-buckaroo,https://archive.org/download/bronze_buckaroo/the_bronze_buckaroo.mp4
where-the-west-begins,https://archive.org/download/WhereTheWestBegins/WhereTheWestBegins.mp4
i-killed-wild-bill-hickok-ipod,https://archive.org/download/i_killed_wild_bill_hickok_ipod/i_killed_wild_bill_hickok.mp4
outlaws-of-boulder-pass,https://archive.org/download/outlaws_of_boulder_pass/outlaws_of_boulder_pass.mp4
two-gun-from-harlem,https://archive.org/download/two_gun_man_from_harlem/two_gun_man_from_harlem.mp4
oath-of-vengence,https://archive.org/download/oath_of_vengence_ipod/oath_of_vengence.mp4
phantom-thunderbolt,https://archive.org/download/phantom_thunderbolt/phantom_thunderbolt.mp4
rolling-home,https://archive.org/download/rolling_home_1946/rolling_home_1946.mp4
six-gun-rhythm,https://archive.org/download/six-gun_rhythm/six-gun_rhythm.mp4
in-old-caliente,https://archive.org/download/in_old_caliente/M4V10003.MP4
zane-greys-to-the-last-man-1933-randolph-scott,https://cdn.papertigercinema.com/media/movies/806.mp4
red-blood-of-courage-the,https://archive.org/download/red_blood_of_courage/red_blood_of_courage.mp4
i-killed-wild-bill-hickok,https://archive.org/download/i_killed_wild_bill_hickok/i_killed_wild_bill_hickok.mp4
kansas-pacific,https://archive.org/download/kansas_pacific_ipod/kansas_pacific.mp4
bells-of-san-angelo,https://archive.org/download/bells_of_san_angelo/bells_of_San_Angelo.mp4
billy-the-kid-wanted,https://cdn.papertigercinema.com/media/movies/812.mp4
fugitive-valley,https://archive.org/download/fugitive_valley/fugitive_valley.mp4
arizona-kid-the,https://archive.org/download/arizona_kid/arizona_kid.mp4
hard-hombre,https://archive.org/download/hard_hombre/hard_hombre.mp4
shadow-ranch-1930-buck-jones,https://cdn.papertigercinema.com/media/movies/819.mp4
sunset-range,https://archive.org/download/sunset_range/sunset_range.mp4
code-of-the-mounted-1935-kermit-maynard,https://archive.org/download/CodeOfTheMounted1935-KermitMaynard/CodeOfTheMounted1935-KermetMaynard.mp4
gunsmoke-ranch,https://archive.org/download/gunsmoke_ranch/gunsmoke_ranch.mp4
fighting-deputy,https://archive.org/download/fighting_deputy/fighting_deputy.mp4
it-can-be-done-amigo,https://cdn.papertigercinema.com/media/movies/825.mp4
rocky-mountain-mystery,https://cdn.papertigercinema.com/media/movies/826.mp4
buck-jones-in-border-law-1931,https://archive.org/download/BuckJonesInBorderLaw1931/BuckJones-BorderLaw_mcr.mp4
when-a-mans-a-man,https://archive.org/download/WhenAMansAMan_626/WhenaMansaMan1935.mp4
riders-of-the-whistling-skull,https://archive.org/download/RidersOfTheWhistlingSkull/RidersOfTheWhistlingSkull1937.mp4
buckskin-frontier,https://archive.org/download/BuckskinFrontier1943/BuckskinFrontier720p.mp4
simbad-contro-i-sette-saraceni,https://archive.org/download/AliBabaandtheSevenSaracens/AliBabaandtheSevenSaracens.mp4
his-girl-friday,https://cdn.papertigercinema.com/media/movies/154.mp4
the-man-from-hells-edges,https://archive.org/download/ManFromHellsEdge/1932THEMANFROMHELLSEDGES.mp4
it-happened-out-west-1937,https://archive.org/download/ItHappenedOutWest1937/It-Happened-Out-West-1937_1.mp4
the-son-of-a-gun-1919,https://archive.org/download/TheSon-of-a-gun1919/TheSon-of-a-gun1919.mp4
sky-high-1922,https://cdn.papertigercinema.com/media/movies/835.mp4
springtime-in-the-sierras,https://archive.org/download/SpringtimeInTheSierras/SpringtimeInTheSierras.mp4
the-proud-and-the-damned-1972,https://archive.org/download/TheProudAndTheDamned-1972/TheProundAndTheDamned.mp4
jesse-james-at-bay,https://cdn.papertigercinema.com/media/movies/841.mp4
the-nevadan,https://cdn.papertigercinema.com/media/movies/842.mp4
the-son-of-monte-cristo,https://archive.org/download/TheSonOfMonteCristo720p1940/TheSonOfMonteCristo720p.mp4
the-true-glory-restored,https://archive.org/download/TheTrueGloryRestored/TheTrueGloryRestored.mp4
the-san-antonio-kid-bill-elliott-1944,https://cdn.papertigercinema.com/media/movies/846.mp4
three_men_from_texas,https://archive.org/download/Three_Men_From_Texas/Three_Men_From_Texas.mp4
the-heart-of-texas-ryan,https://cdn.papertigercinema.com/media/movies/849.mp4
red-river-valley,https://cdn.papertigercinema.com/media/movies/850.mp4
kept-husbands,https://archive.org/download/KeptHusbands1931-02-22/1931KeptHusbands.mp4
crashout,https://archive.org/download/CrashOut3455/Crashout_1955.mp4
please-murder-me,https://archive.org/download/please_murder_me_ipod/please_murder_me.mp4
dr-mabuse-the-gambler-dr-mabuse-der-spieler-1922-part-1,https://cdn.papertigercinema.com/media/movies/859.mp4
gaslight,https://archive.org/download/Gaslight_628/Fanny_by_Gaslight_1945.mp4
slashed-dreams,https://cdn.papertigercinema.com/media/movies/856.mp4
a-shriek-in-the-night,https://archive.org/download/A.Shriek.in.the.Night/A_Shriek_in_the_Night.mp4
count-five-and-die,https://archive.org/download/CountFive/Count_Five_and_Die_1957.mp4
five-minutes-to-live-aka-door-to-door-maniac,https://archive.org/download/five_minutes_to_live/Five_Minutes_to_Live.mp4
mr-wong-detective,https://archive.org/download/Mr.WongDetective720p1938/MrWongDetective720p.mp4
the-spy-in-black,https://archive.org/download/SpyInBlack/The_Spy_in_Black_1939.mp4
dick-tracy,https://archive.org/download/DickTracy720p1937/DickTracy720p.mp4
green-eyes,https://archive.org/download/GreenEyes-1934/GreenEyes.mp4
death-from-a-distance,https://archive.org/download/DeathFromADistance1935/DeathFromaDistance1935.mp4
bulldog-drummonds-secret-police,https://archive.org/download/BulldogDrummondSecretPolice720p1939/BuldogDrummondsSecretPolice.mp4
murder-in-the-red-barn-1935,https://archive.org/download/MurderInTheRedBarn1935/MurderInTheRedBarn1935.mp4
the-man-on-the-eiffel-tower,https://archive.org/download/TheManOnTheEiffelTower720p1949/ManOnEiffelTower720p.mp4
seven-keys-to-baldpate-1,https://archive.org/download/SevenKeysToBaldpate1917/SEVENKEYSTOBALDPATE.mp4
girls-in-chains,https://cdn.papertigercinema.com/media/movies/50.mp4
good-morning-boys-1937,https://cdn.papertigercinema.com/media/movies/51.mp4
the-devil-bat,https://cdn.papertigercinema.com/media/movies/315.mp4
birthday-parades-for-adolf-hitler-jahre-1933-1936-1939-1942-1945,https://archive.org/download/BirthdayParadesForAdolfHitlerJahre19331936193919421945/GeburtstagsparadenFrAdolfHitler-Jahre19331936193919421945BirthdayParadesForAdolfHitler.mp4
he-walked-by-night,https://cdn.papertigercinema.com/media/movies/876.mp4
the-scarlet-letter,https://archive.org/download/TheScarletLetter720p1934/TheScarletLetter720p.mp4
49th-parallel,https://archive.org/download/49thParallelVideoQualityUpgrade/49thParallelVideoQualityUpgrade.mp4
back-door-to-heaven,https://archive.org/download/BackDoortoHeaven/BackDoortoHeaven.mp4
a-bucket-of-blood,https://archive.org/download/BucketOfBlood720p1959/bucketofblood720p.mp4
america-1924-part-2-of-2-dw-griffith,https://cdn.papertigercinema.com/media/movies/138.mp4
blood-on-the-sun,https://archive.org/download/Blood_on_the_Sun/Blood_on_the_Sun_1945.mp4
a-study-in-scarlet,https://archive.org/download/AStudyInScarlet720p1933/AStudyInScarlet.mp4
america-part-1-of-2,https://cdn.papertigercinema.com/media/movies/137.mp4
bluebeard,https://archive.org/download/Bluebeard/Bluebeard.mp4
aelita-queen-of-mars,https://archive.org/download/AelitaQueenOfMarsoriginalVersion/AelitaQueenOfMarsoriginalVersion.mp4
bees-in-paradise,https://archive.org/download/bees_in_paradise/bees_in_paradise.mp4
the-milky-way,https://archive.org/download/Milky_Way_movie/Milky_Way.mp4
attack-from-space,https://archive.org/download/attack_from_space_ipod/attack_from_space.mp4
the-brain-that-wouldnt-die,https://cdn.papertigercinema.com/media/movies/307.mp4
people-on-sunday-menschen-am-sonntag-1930,https://archive.org/download/peopleOnSundaymenschenAmSonntag1930/PeopleOnSunday1930.mp4
alfs-button-afloat,https://cdn.papertigercinema.com/media/movies/469.mp4
hercules-unchained,https://cdn.papertigercinema.com/media/movies/686.mp4
carnival-of-souls,https://archive.org/download/CarnivalofSouls/CarnivalOfSouls.mp4
gullivers-travels,https://archive.org/download/GulliversTravels720p1939/GulliversTravels720p1939.mp4
a-girl-of-the-limberlost,https://archive.org/download/AGirlOfTheLimberlost1934/1934AGirlOfTheLimberlost.mp4
forced-landing-1941,https://archive.org/download/ForcedLanding1941_201312/Forced Landing - 1941.mp4
the-hatchet-man,https://archive.org/download/HatchetMan/The_Hatchet_Man.mp4
back-street-1932-film-noir-drama,"https://archive.org/download/back-street-1932-film-noir-drama/Back Street (1932 Film Noir, Drama).mp4"
king-of-the-zombies,https://archive.org/download/King_of_the_Zombies/King_of_the_Zombies.mp4
santa-claus-versus-the-devil,https://archive.org/download/SantaClausversusTheDevil/SantaClaus_1.mp4
jail-bait,https://archive.org/download/Jailbait_339/JailBait.mp4
jackie-robinson-story-the,https://archive.org/download/Jackie_Robinson_Story_The/jrs.mp4
my-favorite-brunette,https://archive.org/download/MyFavoriteBrunette720p1947/MyFavoriteBrunette720p.mp4
my-man-godfrey,https://cdn.papertigercinema.com/media/movies/169.mp4
superman-feature-length-animation,https://archive.org/download/Supermanfeature-lengthAnimatiom/Supermanfeature-lengthAnimatiom.mp4
the-lost-world,https://archive.org/download/lost_world_ACM/lost_world.mp4
angel-and-the-bad-man-the,https://archive.org/download/angel_and_the_bad_man_ipod/angel_and_the_badman.mp4
rebecca,https://archive.org/download/RebeccaClassic4050/Rebecca_1940.mp4
the-wasp-woman,https://archive.org/download/The_Wasp_Women/The_Wasp_Women.mp4
white-zombie,https://archive.org/download/WhiteZombie720p1932/WhiteZombie720p.mp4
svengali,https://cdn.papertigercinema.com/media/movies/252.mp4
sherlock-holmes-and-the-secret-weapon,https://archive.org/download/SherlockHolmesAndTheSecretWeapon720p1943/SherlockHolmesAndTheSecretWeapon.mp4
the-city-of-the-dead,https://archive.org/download/HorrorHotel720p-1960/HorrorHotel720p.mp4
fiend-without-a-face,https://archive.org/download/FriendWithoutAFace104/FiendWithoutAFace1958.mp4
the-vampire-bat,https://archive.org/download/TheVampireBatcompleteVersion/TheVampireBat.mp4
i-bury-the-living,https://archive.org/download/IBuryTheLiving720p1958/iburytheliving720p.mp4
sally-of-the-sawdust,https://archive.org/download/SallyOfTheSawdust/Sally_of_the_Sawdust.mp4
the-eagle,https://archive.org/download/TheEagle720p1925/TheEagle720p.mp4
grandmas-boy,https://archive.org/download/Grandmas_Boy_563/Grandmas_Boy_1922.mp4
the-front-page,https://cdn.papertigercinema.com/media/movies/482.mp4
the-fighting-seabees,https://archive.org/download/FightingSeabees44/1944_The_Fighting_Seabees.mp4
the-general,https://archive.org/download/TheGeneral720p1926/TheGeneral720p.mp4
terror-by-night,https://archive.org/download/TerrorByNight720p1946/TerrorByNight720p.mp4
the-little-princess,https://archive.org/download/TheLittlePrincess1939/TheLittlePrincess1939.mp4
steamboat-bill-jr,https://archive.org/download/SteamboatBillJr.720p1928/SteamboatBillJr.mp4
little-lord-fauntleroy,https://archive.org/download/LittleLordFauntleroyh264/little_lord_fauntleroy.4.mp4
jane-eyre,https://archive.org/download/JaneEyre720p1934/JaneEyre720p.mp4
story-of-gi-joe,https://archive.org/download/ErniePyleStory/Ernie_Pyles_Story_of_G.I._Joe.mp4
the-lodger-a-story-of-the-london-fog,https://cdn.papertigercinema.com/media/movies/614.mp4
metropolis-1925-shorter-version,https://cdn.papertigercinema.com/media/movies/665.mp4
the-black-pirate,https://archive.org/download/TheBlackPirate720p1926/TheBlackPirate720p.mp4
wake-of-the-red-witch,https://archive.org/download/TheRedWitch/WakeoftheRedWitch1948.mp4
ramrod,"https://archive.org/download/ramrod-1947-film-noir-western-action-romance/Ramrod%20(1947%20Film%20Noir,%20Western,%20Action,%20Romance).mp4"
dick-tracy-meets-gruesome,https://archive.org/download/DickTracyMeetsGruesome720p1947/DickTracyMeetsGruesome.mp4
i-married-a-witch,https://archive.org/download/MarriedToAWitch/IMarriedAWitch1942.mp4
quicksand,https://archive.org/download/Quicksand720p1950/Quicksand720p.mp4
that-hamilton-woman,https://archive.org/download/The_Hamilton_Woman/That_Hamilton_Woman_1941.mp4
santa-fe-trail,https://archive.org/download/Santa_Fe_Trail/Santa_Fe_Trail.mp4
the-dawn-rider,https://archive.org/download/DawnRider35/The_Dawn_Rider_1935.mp4
tumbleweeds,https://cdn.papertigercinema.com/media/movies/839.mp4
dressed-to-kill,https://archive.org/download/dressed_to_kill/dressed_to_kill.mp4
the-amazing-mr-x,https://archive.org/download/amazing_mr_x/amazing_mr_x.mp4
night-train-to-munich,https://archive.org/download/NightTrainToMunich/NightTrainToMunich.mp4
caesar-and-cleopatra,https://archive.org/download/CaesarAndCleopatra/CaesarandCleopatra.mp4
counterblast,https://archive.org/download/Counterblast/Counterblast.mp4
lets-get-tough,https://archive.org/download/LetsGetTough720p1942/LetsGetTough720p.mp4
battle-of-blood-island,https://archive.org/download/BloodIsland/Battle_of_Blood_Island_1960.mp4
romantic-comedy-night-at-the-bijou-double-feature,https://archive.org/download/RomanticComedyNightAtTheBijoudoubleFeature/RomanticComedyNightAtTheBijoudoubleFeature3.mp4
16051740158515751579-16051606-1580160616081606,https://archive.org/download/16051740158515751579160516061580160616081606/Miras-Man-Jonoon.mp4
call-of-the-forest,https://archive.org/download/CallOfTheForest720p/CallOfTheForest720p.mp4
shocker-internet-drive-in-week-37-summer-spaghetti-double-feature,https://archive.org/download/ShockerInternetDriveIn-Week37summerSpaghettiDoubleFeature/Week_37.mp4
shocker-internet-drive-in-week-8-terror-triple-feature,https://archive.org/download/ShockerInternetDriveInWeek8-TerrorTripleFeature/week_8.mp4
oath-of-vengeance,https://archive.org/download/OathOfVengeance/Oath_of_Vengeance_1944.mp4
a-place-of-ones-own,https://archive.org/download/APlaceOfOnesOwn/APlaceOfOnesOwn.mp4
adam-and-evalyn,https://archive.org/download/AdamAndEvelyn/Adam_and_Evelyne_1949.mp4
another-mans-poison,https://archive.org/download/AnotherMansPoison51/Another_Mans_Poison_1951.mp4
ladies-in-retirement-1941-bw-film-13215,https://archive.org/download/LadiesInRetirement1941BwFilm13215/LadiesInRetirement1941.mp4
tiger-bay,https://archive.org/download/TigerBay542268/Tiger_Bay_1959.mp4
voyage-to-the-planet-of-prehistoric-women,https://archive.org/download/VoyagetothePlanetofPrehistoricWomen/VoyagetothePlanetofPrehistoricWomen.mp4
eyes-in-the-night,https://archive.org/download/EyesInTheNight720p1942/EyesInTheNight720p.mp4
frankenstein-the-movie-1974-boris-lugosi,https://archive.org/download/Frankenstein1974-BorisLugosi/FrankensteinTheMovieCensored-desktop.mp4
madness-of-the-heart-1949-faith-drama-film-noir,https://archive.org/download/madness-of-the-heart-1949-faith-drama-film-noir/Madness of the Heart (1949 Faith Drama Film Noir ).ia.mp4
shocker-internet-drive-in-week-13-demented-double-feature,https://archive.org/download/ShockerInternetDriveIn-Week13dementedDoubleFeature/Week13.mp4
shocker-internet-drive-in-week-12-massacre-double-feature,https://archive.org/download/ShockerInternetDriveIn-Week12MassacreDoubleFeature/week12.mp4
werewolf-in-a-girls-dormitory,https://archive.org/download/WerewolfInAGirlsDormitory1962/WerewolfInAGirlsDormitory1962.mp4
shocker-internet-drive-in-week-61-summer-slasher-fun-double-feature,https://archive.org/download/ShockerInternetDriveIn-Week61summerSlasherFunDoubleFeature/week-61.mp4
the-city-of-the-dead-video-quality-upgrade,https://archive.org/download/CityOfTheDeadVideoQualityUpgrade/CityOfTheDeadVideoQualityUpgrade.mp4
shocker-internet-drive-in-week-55-bela-claus-triple-feature,https://archive.org/download/ShockerInternetDriveIn-Week55belaClausTripleFeature/Week_55.mp4
shocker-internet-drive-in-week-51-hot-hercules-double-feature,https://archive.org/download/ShockerInternetDriveIn-Week51hotHerculesDoubleFeature/Week_51.mp4
shocker-internet-drive-in-week-53-halloween-nuclear-horrors-double-feature,https://archive.org/download/ShockerInternetDriveIn-Week53halloweenNuclearHorrorsDoubleFeature/Week_53.mp4
phantom-rancher,https://archive.org/download/PhantomRancher_857/Phantom_Rancher.mp4
hangmans-house,https://archive.org/download/HangmansNoose/Hangmans_House_1928.mp4
and-so-they-were-married,https://archive.org/download/SoTheyWereMarried/And_So_They_Were_Married_1936.mp4
indiscretion-of-an-american-wife,https://archive.org/download/AnAmericanWife/Indiscretion_of_an_American_Wife_1953.mp4
the-far-frontier,https://archive.org/download/FarFrontier/The_Far_Frontier_1948.mp4
the-belle-star-story,https://archive.org/download/BellStarrStory/The_Belle_Starr_Story.mp4
bob-steele-billy-the-kid-in-texas-1940-prc-studio,https://cdn.papertigercinema.com/media/movies/820.mp4
the-phantom-empire,https://archive.org/download/The_Phantom_Empire_1935/The_Phantom_Empire_1935.mp4
the-range-feud-1931-buck-jones-and-john-wayne,https://cdn.papertigercinema.com/media/movies/833.mp4
born-to-battle-1935-tom-tyler,https://cdn.papertigercinema.com/media/movies/843.mp4
two-fisted-law-with-tim-mccoy-and-john-wayne-1932,https://cdn.papertigercinema.com/media/movies/845.mp4
pitfall,https://archive.org/download/Pitfalls3648/PITFALL_1948.mp4
the-chinese-room,https://archive.org/download/TheChineseRoom/thechineseroom.mp4
the-white-devil-der-weisse-teufel-1930,https://archive.org/download/TheWhiteDevilderWeieTeufel1930/TheWhiteDevil1930.mp4
